Name,img
Carlos Ulberg,https://dmxg5wxfqgb4u.cloudfront.net/styles/athlete_bio_full_body/s3/2025-01/5/ULBERG_CARLOS_L_05-11.png?itok=y8JOySUe
Gasan Umalatov,https://dmxg5wxfqgb4u.cloudfront.net/styles/athlete_bio_full_body/s3/2022-03/54edb557-9020-4b78-8548-0fb42e77dff8%252FGasan-Umalatov_466032_LeftFullBodyImage.png?itok=9FD5CdzX
Caol Uno,None
Logan Urban,https://dmxg5wxfqgb4u.cloudfront.net/styles/athlete_bio_full_body/s3/2021-09/84739%252Fprofile-galery%252Ffullbodyleft-picture%252FURBAN_LOGAN_L.png?itok=BhJcjlKG
Elias Urbina,https://dmxg5wxfqgb4u.cloudfront.net/styles/athlete_bio_full_body/s3/2021-02/elias-urbina_587591_LeftFullBodyImage.png?itok=d7Tm7Pgh
Hector Urbina,https://dmxg5wxfqgb4u.cloudfront.net/styles/athlete_bio_full_body/s3/2022-03/214cc330-9f40-4814-94a7-35dbeb6449bb%252Fhector-urbina_480089_LeftFullBodyImage.png?itok=PI_DeEse
Gilbert Urbina,https://dmxg5wxfqgb4u.cloudfront.net/styles/athlete_bio_full_body/s3/2024-02/URBINA_GILBERT_L_02-03.png?itok=rrk9XbQ2
Nick Urso,https://dmxg5wxfqgb4u.cloudfront.net/styles/athlete_bio_full_body/s3/2022-03/9c5da125-e922-4e68-80c1-8b012ade582f%252FNick-Urso_636378_LeftFullBodyImage.png?itok=ag9dDIWr
Yasuhiro Urushitani,None
Sho Patrick Usami,https://dmxg5wxfqgb4u.cloudfront.net/styles/athlete_bio_full_body/s3/2022-06/aa9541df-787d-464e-a0aa-a54aea81357d%252FUSAMI_SHO_PATRICK_R.png?itok=UMpLMHZp
Mohammed Usman,https://dmxg5wxfqgb4u.cloudfront.net/styles/athlete_bio_full_body/s3/2024-07/USMAN_MOHAMMAD_L_07-20.png?itok=CcmzfSZf
Kamaru Usman,https://dmxg5wxfqgb4u.cloudfront.net/styles/athlete_bio_full_body/s3/2025-01/5/USMAN_KAMARU_L_10-21.png?itok=VXrrBgWG
Darren Uyenoyama,https://dmxg5wxfqgb4u.cloudfront.net/styles/athlete_bio_full_body/s3/2022-03/7a074e76-7d6c-4c4d-8fd2-9677b968bd0c%252FDarren-Uyenoyama_226332_LeftFullBodyImage.png?itok=Xn5LaTcg
Richie Vaculik,https://dmxg5wxfqgb4u.cloudfront.net/styles/athlete_bio_full_body/s3/2022-03/c77ca95b-d824-4039-92b8-0783b3410353%252Frichie-vaculik_290159_LeftFullBodyImage.png?itok=sOJbYG8q
Richie Vaculik,None
Artem Vakhitov,https://dmxg5wxfqgb4u.cloudfront.net/styles/athlete_bio_full_body/s3/2024-10/VAKHITOV_ARTEM_R_10-08.png?itok=wUoZA2JS
Genaro Valdez,https://dmxg5wxfqgb4u.cloudfront.net/styles/athlete_bio_full_body/s3/2022-01/91879bcb-d2a3-4e1a-af3b-cc87e3b0a0ae%252FVALDEZ_GENARO_L_01-22.png?itok=Sflh2tfJ
Charlie Valencia,None
Robert Valentin,https://dmxg5wxfqgb4u.cloudfront.net/styles/athlete_bio_full_body/s3/2024-08/VALENTIN_ROBERT_L_08-24.png?itok=2gi_58_6
Ivan Valenzuela,https://dmxg5wxfqgb4u.cloudfront.net/styles/athlete_bio_full_body/s3/2022-08/VALENZUELA_IVAN_L.png?itok=gKIMQ7K1
Timur Valiev,https://dmxg5wxfqgb4u.cloudfront.net/styles/athlete_bio_full_body/s3/2021-07/VALIEV_TIMUR_L_06-26.png?itok=_8ZFMb7C
Victor Valimaki,None
Kevin Vallejos,https://dmxg5wxfqgb4u.cloudfront.net/styles/athlete_bio_full_body/s3/2024-09/VALLEJOS_KEVIN_L_09-24.png?itok=MIPg3FHm
Isaac Vallie-Flagg,https://dmxg5wxfqgb4u.cloudfront.net/styles/athlete_bio_full_body/s3/2022-03/68a024dc-4423-440d-b349-947976446fd7%252FIsaac-Vallie-Flagg_242823_LeftFullBodyImage.png?itok=Nv__sNde
Joshua Van,https://dmxg5wxfqgb4u.cloudfront.net/styles/athlete_bio_full_body/s3/2025-01/5/VAN_JOSHUA_L_07-13.png?itok=X-VBLelL
Mike Van Arsdale,None
Matt Van Buren,https://dmxg5wxfqgb4u.cloudfront.net/styles/athlete_bio_full_body/s3/2022-03/50cb4203-8a8a-4579-a74b-5309257ead2a%252Fmatt-van-buren_480076_LeftFullBodyImage.png?itok=PioZ5TSE
Ron Van Clief,None
Cameron VanCamp,https://dmxg5wxfqgb4u.cloudfront.net/styles/athlete_bio_full_body/s3/2021-11/84794%252Fprofile-galery%252Ffullbodyleft-picture%252FVANCAMP_CAMERON_L_09-18.png?itok=5GGnvYcK
Jared Vanderaa,https://dmxg5wxfqgb4u.cloudfront.net/styles/athlete_bio_full_body/s3/2022-05/c7e5b3c5-f3a4-406a-b925-9b8f57aebfbd%252FVANDERAA_JARED_L_04-09.png?itok=vTd0v6B2
Austin Vanderford,https://dmxg5wxfqgb4u.cloudfront.net/styles/athlete_bio_full_body/s3/2025-02/VANDERFORD_AUSTIN_R_02-22.png?itok=aMIpKnac
Lando Vannata,https://dmxg5wxfqgb4u.cloudfront.net/styles/athlete_bio_full_body/s3/2023-04/VANNATA_LANDO_L_04-15.png?itok=_eu24FNU
Paige VanZant,https://dmxg5wxfqgb4u.cloudfront.net/styles/athlete_bio_full_body/s3/2019-01/VANZANT_PAIGE_L.png?VersionId=rDvHkKI517fjEl4bZXcbza533TPWxUDr&itok=OYyDwaRh
Paul Varelans,None
Kazula Vargas,https://dmxg5wxfqgb4u.cloudfront.net/styles/athlete_bio_full_body/s3/2021-04/71570%252Fprofile-galery%252Ffullbodyleft-picture%252FVARGAS_KAZULA_L_04-24.png?itok=k2CP-0dz
Jamie Varner,https://dmxg5wxfqgb4u.cloudfront.net/styles/athlete_bio_full_body/s3/image/fighter_images/Jamie_Varner/Jamie_Varner_UFC164-2013-08-28-0052.png?VersionId=CfP0P1EPb1_CGyuPwxg2l_imUsy2DNx0&itok=y4OsdbfV
Guilherme Vasconcelos,https://dmxg5wxfqgb4u.cloudfront.net/styles/athlete_bio_full_body/s3/2022-03/8b71062e-505a-41fa-8b22-e3b2eb8ea0c8%252Fguilherme-vasconcelos_477632_LeftFullBodyImage.png?itok=Ac9ywYLY
Yuri Vaulin,None
Manny Vazquez,https://dmxg5wxfqgb4u.cloudfront.net/styles/athlete_bio_full_body/s3/2022-03/787b7f3c-b592-466c-8379-501ca09570c2%252FManny-Vazquez_631435_LeftFullBodyImage.png?itok=h6rhXsJz
Javier Vazquez,None
Matt Veach,None
Joe Vedepo,None
Kelly Velasco,https://dmxg5wxfqgb4u.cloudfront.net/styles/athlete_bio_full_body/s3/2022-03/78eca572-728c-4edb-b166-7d09b5bbc713%252FKelly-Velasco_636456_LeftFullBodyImage.png?itok=SFPkNCkv
Greg Velasco,None
David Velasquez,None
Cain Velasquez,https://dmxg5wxfqgb4u.cloudfront.net/styles/athlete_bio_full_body/s3/image/ufc-fighter-container/67538/profile-galery/fullbodyleft-picture/Cain-Velasquez_899_LeftFullBodyImage.png?VersionId=EonoSX_uAxLzMjcEPHdUcqt44I2rooYr&itok=sbRE_Wyq
Bojan Velickovic,https://dmxg5wxfqgb4u.cloudfront.net/styles/athlete_bio_full_body/s3/2022-03/4fee75b5-8b61-4c02-904a-7dda3384d9a6%252Fbojan-velickovic_579876_LeftFullBodyImage.png?itok=7KW3EpV9
Karlos Vemola,None
Luigi Vendramini,https://dmxg5wxfqgb4u.cloudfront.net/styles/athlete_bio_full_body/s3/2021-07/VENDRAMINI_LUIGI_L_06-12.png?itok=CuiuySGR
Kerry Vera,https://dmxg5wxfqgb4u.cloudfront.net/styles/athlete_bio_full_body/s3/image/fighter_images/Fighter_fullLength_Shadow-woman-blue.png?VersionId=SaZSiHq6Es28JDi9_jfSTmRNG4l_XkBS&itok=DWjj5ONS
Brandon Vera,https://dmxg5wxfqgb4u.cloudfront.net/styles/athlete_bio_full_body/s3/2022-03/562089c4-28f7-4288-b2e2-b786d998d301%252FBrandon-Vera_815_RightFullBodyImage.png?itok=p8UhgTXS
Carlos Vera,https://dmxg5wxfqgb4u.cloudfront.net/styles/athlete_bio_full_body/s3/2024-02/VERA_CARLOS_L_02-17.png?itok=ljwzzQyV
Marlon Vera,https://dmxg5wxfqgb4u.cloudfront.net/styles/athlete_bio_full_body/s3/2025-01/5/VERA_MARLON_L_08-03.png?itok=i_ucHgXD
Isis Verbeek,None
Ernie Verdicia,None
Joe Veres,None
Nikolay Veretennikov,https://dmxg5wxfqgb4u.cloudfront.net/styles/athlete_bio_full_body/s3/2025-02/VERETENNIKOV_NIKOLAY_L_02-22.png?itok=zzays33P
CJ Vergara,https://dmxg5wxfqgb4u.cloudfront.net/styles/athlete_bio_full_body/s3/2024-10/VERGARA_CJ_L_10-12.png?itok=gvbltAAe
Renato Verissimo,None
Marvin Vettori,https://dmxg5wxfqgb4u.cloudfront.net/styles/athlete_bio_full_body/s3/2025-01/5/VETTORI_MARVIN_L_06-17.png?itok=u7k6Zcxx
Hugo Viana,https://dmxg5wxfqgb4u.cloudfront.net/styles/athlete_bio_full_body/s3/2022-03/0f5edce2-c70e-4416-9393-15be46b16a05%252FHugo-Viana_242245_LeftFullBodyImage.png?itok=pZqA35vr
Polyana Viana,https://dmxg5wxfqgb4u.cloudfront.net/styles/athlete_bio_full_body/s3/2023-08/VIANA_POLYANA_L_08-12.png?itok=SxOQowP7
James Vick,https://dmxg5wxfqgb4u.cloudfront.net/styles/athlete_bio_full_body/s3/2019-02/VICK_JAMES_L.png?VersionId=tRTOdm6pLZnYO_vB0I5R3bKqbTioB3B8&itok=Ul69qp1N
Tamires Vidal,https://dmxg5wxfqgb4u.cloudfront.net/styles/athlete_bio_full_body/s3/2024-10/7/VIDAL_TAMIRES_L_05-18.png?itok=LiW5Duqx
Reginaldo Vieira,https://dmxg5wxfqgb4u.cloudfront.net/styles/athlete_bio_full_body/s3/2022-03/e10f9cc1-d11c-42f2-957c-361ae8aa2a63%252Freginaldo-vieira_539490_LeftFullBodyImage.png?itok=Ry4aYFIg
Milton Vieira,None
Rodolfo Vieira,https://dmxg5wxfqgb4u.cloudfront.net/styles/athlete_bio_full_body/s3/2025-02/VIEIRA_RODOLFO_L_02-15.png?itok=w9NrHqMO
Ketlen Vieira,https://dmxg5wxfqgb4u.cloudfront.net/styles/athlete_bio_full_body/s3/2025-01/5/VIEIRA_KETLEN_L_10-05.png?itok=hyqtNfQd
Steve Vigneault,None
Gian Villante,https://dmxg5wxfqgb4u.cloudfront.net/styles/athlete_bio_full_body/s3/2021-11/68015%252Fprofile-galery%252Ffullbodyleft-picture%252FVILLANTE_GIAN_L_11-06.png?itok=MTO_ehaz
Ike Villanueva,https://dmxg5wxfqgb4u.cloudfront.net/styles/athlete_bio_full_body/s3/2021-07/VILLANUEVA_IKE_L_06-26.png?itok=RZmSakW9
Armando Villarreal,https://dmxg5wxfqgb4u.cloudfront.net/styles/athlete_bio_full_body/s3/2022-03/97344601-ef63-4410-bd6b-98ea6b3171b2%252FVILLARREAL_ARMANDO_R.png?itok=jSVqCFe4
Yuri Villefort,https://dmxg5wxfqgb4u.cloudfront.net/styles/athlete_bio_full_body/s3/image/fighter_images/Yuri_Villefort/YuriVillefort_UFC157_017.png?VersionId=Sa6_SJHt1tj5N9_L4MT.q8pMtG.g479e&itok=TWqYib0k
Danillo Villefort,None
Marcos Vinicius,https://dmxg5wxfqgb4u.cloudfront.net/styles/athlete_bio_full_body/s3/2022-03/5696e327-9af0-4e83-b26c-ed0a1041583c%252FMarcos-Vinicius_242242_LeftFullBodyImage.png?itok=5gGe7DRW
Falaniko Vitale,None
Cheyanne Vlismas,https://dmxg5wxfqgb4u.cloudfront.net/styles/athlete_bio_full_body/s3/2022-12/VLISMAS_CHEYANNE_L_12-17.png?itok=ApVRumQ-
Bobby Voelker,https://dmxg5wxfqgb4u.cloudfront.net/styles/athlete_bio_full_body/s3/image/fighter_images/Bobby_Voelker/BobbyVoelker_FOX8_020.png?VersionId=bV8RGG4.jiLxAuw.M3P.lXKXwzAirIxH&itok=ycU0bl6u
Mateo Vogel,None
Danylo Voievodkin,https://dmxg5wxfqgb4u.cloudfront.net/styles/athlete_bio_full_body/s3/2024-09/VOLVEODKIN_DANYLO_R_09-24.png?itok=E_i2QemS
Alexander Volkanovski,https://dmxg5wxfqgb4u.cloudfront.net/styles/athlete_bio_full_body/s3/2025-01/5/VOLKANOVSKI_ALEXANDER_L_02-17.png?itok=n9TnCDKb
Jacob Volkmann,None
Alexander Volkov,https://dmxg5wxfqgb4u.cloudfront.net/styles/athlete_bio_full_body/s3/2025-01/5/VOLKOV_ALEXANDER_L_06-22.png?itok=OKFbCy8W
Jason Von Flue,None
Jordan Vucenic,https://dmxg5wxfqgb4u.cloudfront.net/styles/athlete_bio_full_body/s3/2024-08/VUCENIC_JORDAN_R_08-03.png?itok=djxnd44c
Chris Wade,https://dmxg5wxfqgb4u.cloudfront.net/styles/athlete_bio_full_body/s3/2022-03/ba44e75c-4bef-4f0d-98f5-315452d2081f%252Fchris-wade_498499_LeftFullBodyImage.png?itok=q8S7F4Vw
Neil Wain,None
TJ Waldburger,https://dmxg5wxfqgb4u.cloudfront.net/styles/athlete_bio_full_body/s3/2022-03/32d9e1b5-72df-45f3-ac32-0e3897991d99%252FTJ-Waldburger-fighter_13185_LeftFullBodyImage.png?itok=c9_-cx6H
Chase Waldon,https://dmxg5wxfqgb4u.cloudfront.net/styles/athlete_bio_full_body/s3/2022-03/67414e71-06fd-4783-bdab-aa2ba9753a6c%252FChase-Waldon_631550_LeftFullBodyImage.png?itok=nn-1bVhb
Valter Walker,https://dmxg5wxfqgb4u.cloudfront.net/styles/athlete_bio_full_body/s3/2024-04/WALKER_VALTER_L_04-06.png?itok=wqgOpz7s
Brogan Walker,https://dmxg5wxfqgb4u.cloudfront.net/styles/athlete_bio_full_body/s3/2023-06/WALKER_BROGAN_L_04-22.png?itok=zz5EvrTz
Donny Walker,None
Julius Walker,https://dmxg5wxfqgb4u.cloudfront.net/styles/athlete_bio_full_body/s3/2025-02/WALKER_JULIUS_R_02-22.png?itok=a4a3SpoP
Johnny Walker,https://dmxg5wxfqgb4u.cloudfront.net/styles/athlete_bio_full_body/s3/2025-01/5/WALKER_JOHNNY_L_06-22.png?itok=n2g3Uaz1
Ben Wall,https://dmxg5wxfqgb4u.cloudfront.net/styles/athlete_bio_full_body/s3/2022-03/a53c387e-ad64-4710-9360-f633517c622f%252FBen-Wall_290155_LeftFullBodyImage.png?itok=HpNxEm3w
Austin Wall,https://dmxg5wxfqgb4u.cloudfront.net/styles/athlete_bio_full_body/s3/2023-07/WALL_AUSTIN_R_07-07.png?itok=MAD3ELfH
Randall Wallace,https://dmxg5wxfqgb4u.cloudfront.net/styles/athlete_bio_full_body/s3/2022-03/b7ff2da1-b99f-4ff0-a379-1d3324ef28a4%252FRandall-Wallace_636538_LeftFullBodyImage.png?itok=R_v09zOj
Rodney Wallace,None
Crafton Wallace,None
James Wallace,https://dmxg5wxfqgb4u.cloudfront.net/styles/athlete_bio_full_body/s3/2022-03/ddd9b524-1a34-4fdf-84d8-36383adeffd2%252FWALLACE_JESSE_L.png?itok=thbXVl7M
Jimmy Wallhead,https://dmxg5wxfqgb4u.cloudfront.net/styles/athlete_bio_full_body/s3/2022-03/dce20b5b-bf78-44d9-a35d-04221388a428%252Fjim-wallhead_600281_LeftFullBodyImage.png?itok=mY0yyEnV
Cory Walmsley,None
Rich Walsh,https://dmxg5wxfqgb4u.cloudfront.net/styles/athlete_bio_full_body/s3/2022-03/4c89519b-ae35-49ba-9385-99ea9f2a4a9e%252Frichard-walsh_465466_LeftFullBodyImage.png?itok=L6ZzrQPM
Patrick Walsh,https://dmxg5wxfqgb4u.cloudfront.net/styles/athlete_bio_full_body/s3/2022-03/3df6d00d-adc1-4619-9df0-c95e8bc76640%252Fpatrick-walsh_480079_LeftFullBodyImage.png?itok=KDcpPo3B
Andy Wang,None
Joshua Wang-Kim,https://dmxg5wxfqgb4u.cloudfront.net/styles/athlete_bio_full_body/s3/2022-08/WANG-KIM_JOSH_L.png?itok=nB4rFiZq
Curt Warburton,None
Charlie Ward,https://dmxg5wxfqgb4u.cloudfront.net/styles/athlete_bio_full_body/s3/2022-03/070aa7ba-d776-4d42-a2d1-21492b95cf7b%252Fcharlie-ward_609202_LeftFullBodyImage.png?itok=c33jOlYy
Terrion Ware,https://dmxg5wxfqgb4u.cloudfront.net/styles/athlete_bio_full_body/s3/image/ufc-fighter-container/69346/profile-galery/fullbodyleft-picture/Terrion-Ware_632522_LeftFullBodyImage.png?VersionId=gR20JxJ2WN24fdSHwYRksJKwUCVa1Ro.&itok=9ZT9GlA4
Ron Waterman,None
Dominic Waters,https://dmxg5wxfqgb4u.cloudfront.net/styles/athlete_bio_full_body/s3/2022-03/30d439f1-93e5-4304-997d-ed6819baaa1e%252FDominic-Waters_538010_LeftFullBodyImage.png?itok=K695MsF_
Trey Waters,https://dmxg5wxfqgb4u.cloudfront.net/styles/athlete_bio_full_body/s3/2023-06/WATERS_TREY_L_04-29.png?itok=gEFpYRdg
Michelle Waterson-Gomez,https://dmxg5wxfqgb4u.cloudfront.net/styles/athlete_bio_full_body/s3/2024-06/WATERSON-GOMEZ_MICHELLE_L_06-29.png?itok=wPvygZA6
Tom Watson,https://dmxg5wxfqgb4u.cloudfront.net/styles/athlete_bio_full_body/s3/2022-03/c4ba0226-8369-445d-bc96-6d9989b9c19f%252FTom-Watson_284818_LeftFullBodyImage.png?itok=p0Age51d
Walel Watson,None
Kyle Watson,None
Brok Weaver,https://dmxg5wxfqgb4u.cloudfront.net/styles/athlete_bio_full_body/s3/2020-09/WEAVER_BROK_L_02-15.png?VersionId=14SLgZon51.R1nu.jhcACuXL41TUCpR9&itok=uQXmL7HG
Jonavin Webb,https://dmxg5wxfqgb4u.cloudfront.net/styles/athlete_bio_full_body/s3/2022-03/8b59f462-0914-4c8c-9402-84d018450dcb%252Fjonavin-webb_528092_LeftFullBodyImage.png?itok=5cOzoTWK
Royston Wee,https://dmxg5wxfqgb4u.cloudfront.net/styles/athlete_bio_full_body/s3/2022-03/505756c1-6c2b-42e7-a1c6-f98a4bc823e0%252FRoyston-Wee_463243_LeftFullBodyImage.png?itok=7UWw5c7W
Darian Weeks,https://dmxg5wxfqgb4u.cloudfront.net/styles/athlete_bio_full_body/s3/2022-03/32bd070e-37f4-485d-a53b-0ebdefab826b%252FWEEKS_DARIAN_L_12-04.png?itok=YhYX9GPJ
Joshua Weems,https://dmxg5wxfqgb4u.cloudfront.net/styles/athlete_bio_full_body/s3/2022-11/WEEMS_JOSHUA_L_10-29.png?itok=-C75PHbT
Chris Weidman,https://dmxg5wxfqgb4u.cloudfront.net/styles/athlete_bio_full_body/s3/2024-12/WEIDMAN_CHRIS_L_12-07.png?itok=ahMMU9lN
Dakota Weigher,None
Zhang Weili,https://dmxg5wxfqgb4u.cloudfront.net/styles/athlete_bio_full_body/s3/2025-02/ZHANG_WEILI_L_BELT_02-08.png?itok=oYLMOZoJ
Mark Weir,None
Christian Wellisch,None
Jeremiah Wells,https://dmxg5wxfqgb4u.cloudfront.net/styles/athlete_bio_full_body/s3/2023-08/WELLS_JEREMIAH_L_08-05.png?itok=kDNlnig2
Orlando Welt,None
Fabricio Werdum,https://dmxg5wxfqgb4u.cloudfront.net/styles/athlete_bio_full_body/s3/image/ufc-fighter-container/67940/profile-galery/fullbodyleft-picture/Fabricio-Werdum_837_LeftFullBodyImage.png?VersionId=wyI69g79huVreRKKgo87LnKqCnMYSmxq&itok=66H5-PDZ
Mike Wessel,None
Sheldon Westcott,https://dmxg5wxfqgb4u.cloudfront.net/styles/athlete_bio_full_body/s3/image/ufc-fighter-container/69260/profile-galery/fullbodyleft-picture/sheldon-westcott_465483_LeftFullBodyImage.png?VersionId=1ObbDxTpHneet3lVN3GkHut9OMlddKg0&itok=guNBR4Dq
Alex White,https://dmxg5wxfqgb4u.cloudfront.net/styles/athlete_bio_full_body/s3/image/ufc-fighter-container/67214/profile-galery/fullbodyleft-picture/WHITE_ALEX_L.png?itok=uN7nOGMa
Craig White,https://dmxg5wxfqgb4u.cloudfront.net/styles/athlete_bio_full_body/s3/image/fighter_images/craig_white/WHITE_CRAIG_R.png?VersionId=9kZgaKXJPYCQ0BCUvjVrW5fRrQM86EMW&itok=O2VrBKY4
Vernon White,None
Patrik White,https://dmxg5wxfqgb4u.cloudfront.net/styles/athlete_bio_full_body/s3/2021-10/71833%252Fprofile-galery%252Ffullbodyleft-picture%252FWHITE_PATRIK_L.png?itok=jNv9ZSPQ
Rob Whiteford,https://dmxg5wxfqgb4u.cloudfront.net/styles/athlete_bio_full_body/s3/2022-03/f644e642-7fb2-42f5-b0b8-a9d7731df3f6%252FRob-Whiteford_460661_LeftFullBodyImage.png?itok=xkf06Eez
Mike Whitehead,None
Garett Whiteley,https://dmxg5wxfqgb4u.cloudfront.net/styles/athlete_bio_full_body/s3/image/fighter_images/Garett_Whiteley/Garett_Whiteley_FS1-4_0080.png?VersionId=.eONpTHFpxn4QswEY.DqZVCXrvFwCQPZ&itok=x-lkT06M
Emily Whitmire,https://dmxg5wxfqgb4u.cloudfront.net/styles/athlete_bio_full_body/s3/2024-10/1/WHITMIRE_EMILY_L_09-18.png?itok=8c1vAG2O
Robert Whittaker,https://dmxg5wxfqgb4u.cloudfront.net/styles/athlete_bio_full_body/s3/2025-01/5/WHITTAKER_ROBERT_L_10-26.png?itok=rmA2rxn2
Josh Wick,https://dmxg5wxfqgb4u.cloudfront.net/styles/athlete_bio_full_body/s3/2023-02/WICK_JOSH_R.png?itok=YDtYYeU4
Adam Wieczorek,https://dmxg5wxfqgb4u.cloudfront.net/styles/athlete_bio_full_body/s3/image/ufc-fighter-container/67147/profile-galery/fullbodyleft-picture/Adam-Wieczorek_629280_LeftFullBodyImage.png?VersionId=97mOpL1Tn54FImsVO59lTWaPWiB.8t7_&itok=tRQDOgOp
Jonathan Wiezorek,None
Justin Wilcox,None
Mike Wilkinson,https://dmxg5wxfqgb4u.cloudfront.net/styles/athlete_bio_full_body/s3/2022-03/cb46f23d-52aa-48eb-9239-1e66d3d6fc5b%252Fmike-wilkinson_290175_LeftFullBodyImage.png?itok=d5uXoPK8
Rob Wilkinson,https://dmxg5wxfqgb4u.cloudfront.net/styles/athlete_bio_full_body/s3/2022-03/f80c5bc4-3969-4ad1-b379-aabb15654dd1%252FRob-Wilkinson_637988_LeftFullBodyImage.png?itok=Fp-SfMbv
Aaron Wilkinson,None
James Wilks,None
Tim Williams,https://dmxg5wxfqgb4u.cloudfront.net/styles/athlete_bio_full_body/s3/2018-10/WILLIAMS_TIM_R_0.png?VersionId=Exw.9BJDhZbvsf5kDnz2FycDqkOUOwZ6&itok=StG0qRjt
Patrick Williams,https://dmxg5wxfqgb4u.cloudfront.net/styles/athlete_bio_full_body/s3/2022-03/cab05974-ae8e-4b2c-8973-8c004bdb4346%252FPatrick-Williams_479780_LeftFullBodyImage.png?itok=fDEl1VLt
Jordan Williams,https://dmxg5wxfqgb4u.cloudfront.net/styles/athlete_bio_full_body/s3/2021-07/WILLIAMS_JORDAN_L_07-24.png?itok=xnl1Ju_L
Cole Williams,https://dmxg5wxfqgb4u.cloudfront.net/styles/athlete_bio_full_body/s3/2020-10/67660%252Fprofile-galery%252Ffullbodyleft-picture%252FWILLIAMS_COLE_L_08-03.png?itok=2m30dvZe
Khaos Williams,https://dmxg5wxfqgb4u.cloudfront.net/styles/athlete_bio_full_body/s3/2025-02/WILLIAMS_KHAOS_L_05-18.png?itok=ob9lP7kO
Tedd Williams,None
Pete Williams,None
Karl Williams,https://dmxg5wxfqgb4u.cloudfront.net/styles/athlete_bio_full_body/s3/2024-08/WILLIAMS_KARL_L_08-10.png?itok=SBKiSuAS
Justin Willis,https://dmxg5wxfqgb4u.cloudfront.net/styles/athlete_bio_full_body/s3/image/ufc-fighter-container/68427/profile-galery/fullbodyleft-picture/WILLIS_JUSTIN_L.png?itok=g6ekqCIP
Jonathan Wilson,https://dmxg5wxfqgb4u.cloudfront.net/styles/athlete_bio_full_body/s3/2022-03/54c53573-d2ca-400a-b9eb-ca06af59b4b2%252Fjonathan-wilson_511416_LeftFullBodyImage.png?itok=1OQlQbQM
Westin Wilson,https://dmxg5wxfqgb4u.cloudfront.net/styles/athlete_bio_full_body/s3/2024-01/WILSON_WESTIN_L_01-13.png?itok=X0s11D2u
Chris Wilson,None
Matt Wiman,https://dmxg5wxfqgb4u.cloudfront.net/styles/athlete_bio_full_body/s3/2020-12/68759%252Fprofile-galery%252Ffullbodyleft-picture%252FWIMAN_MATT_L_06-22.png?itok=D0JO5HGc
Eddie Wineland,https://dmxg5wxfqgb4u.cloudfront.net/styles/athlete_bio_full_body/s3/2022-06/4a72ec41-026d-4b80-a18a-227f72333cbd%252FWINELAND_EDDIE_L_06-18.png?itok=0hbCMo_v
Deron Winn,https://dmxg5wxfqgb4u.cloudfront.net/styles/athlete_bio_full_body/s3/2023-01/WINN_DERON_L_12-17.png?itok=27h1cAnE
Andre Winner,None
Eric Wisely,None
Keith Wisniewski,https://dmxg5wxfqgb4u.cloudfront.net/styles/athlete_bio_full_body/s3/2022-03/d605cf87-bd1c-4574-8483-49067541e0a9%252FKeith-Wisniewski_728_LeftFullBodyImage.png?itok=EtnR5AqS
Jason Witt,https://dmxg5wxfqgb4u.cloudfront.net/styles/athlete_bio_full_body/s3/2021-08/WITT_JASON_L_07-31.png?itok=Fc6PFW_R
Travis Wiuff,None
Ray Wizard,None
Karolina Wojcik,https://dmxg5wxfqgb4u.cloudfront.net/styles/athlete_bio_full_body/s3/2022-08/WOJCIK_KAROLINA_R.png?itok=geD4o0wZ
Danyelle Wolf,https://dmxg5wxfqgb4u.cloudfront.net/styles/athlete_bio_full_body/s3/2022-09/WOLF_DANYELLE_L_09-10.png?itok=oXmwn9GG
Brandon Wolff,None
Joanne Wood,https://dmxg5wxfqgb4u.cloudfront.net/styles/athlete_bio_full_body/s3/2024-03/WOOD_JOANNE_L_03-09.png?itok=AzqtQcc9
Nathaniel Wood,https://dmxg5wxfqgb4u.cloudfront.net/styles/athlete_bio_full_body/s3/2024-07/WOOD_NATHANIEL_L_07-27.png?itok=iAxQi0U0
Val Woodburn,https://dmxg5wxfqgb4u.cloudfront.net/styles/athlete_bio_full_body/s3/2024-02/WOODBURN_VAL_L_02-17.png?itok=xZL5ipRU
Tyron Woodley,https://dmxg5wxfqgb4u.cloudfront.net/styles/athlete_bio_full_body/s3/image/ufc-fighter-container/69431/profile-galery/fullbodyleft-picture/WOODLEY_TYRON_L_09-19.png?itok=nwz3kZxO
Sean Woodson,https://dmxg5wxfqgb4u.cloudfront.net/styles/athlete_bio_full_body/s3/2024-12/WOODSON_SEAN_L_12-14.png?itok=0f3jUhtm
Cal Worsham,None
Khama Worthy,https://dmxg5wxfqgb4u.cloudfront.net/styles/athlete_bio_full_body/s3/2021-10/68507%252Fprofile-galery%252Ffullbodyleft-picture%252FWORTHY_KHAMA_L_10-23.png?itok=4xkCkIEM
Justin Wren,None
Jordan Wright,https://dmxg5wxfqgb4u.cloudfront.net/styles/athlete_bio_full_body/s3/2023-02/WRIGHT_JORDAN_L_02-18.png?itok=FNXy6rsM
Marcin Wrzosek,https://dmxg5wxfqgb4u.cloudfront.net/styles/athlete_bio_full_body/s3/2022-03/43a43a3e-ef52-4689-9a57-017e00313088%252FMarcin-Wrzosek_572775_RightFullBodyImage.png?itok=Clmf4cXc
Song Yadong,https://dmxg5wxfqgb4u.cloudfront.net/styles/athlete_bio_full_body/s3/2025-01/5/YADONG_SONG_L_03-09.png?itok=hTvFDc4q
Jamie Yager,None
Eddie Yagin,None
Rani Yahya,https://dmxg5wxfqgb4u.cloudfront.net/styles/athlete_bio_full_body/s3/2024-04/YAHYA_RANI_L_04-27.png?itok=VlW-dCRl
Mohammad Yahya,https://dmxg5wxfqgb4u.cloudfront.net/styles/athlete_bio_full_body/s3/2024-08/YAHYA_MOHAMMAD_L_08-03.png?itok=VQBBn0fm
Alexander Yakovlev,https://dmxg5wxfqgb4u.cloudfront.net/styles/athlete_bio_full_body/s3/image/ufc-fighter-container/67232/profile-galery/fullbodyleft-picture/YAKOVLEV_ALEXANDER_L.png?VersionId=R2Zs_BQfqYNMBkfWu8emYYYqVu.La5H9&itok=ok7XbKtK
Keichiro Yamamiya,None
Kenichi Yamamoto,None
Norifumi Yamamoto,https://dmxg5wxfqgb4u.cloudfront.net/styles/athlete_bio_full_body/s3/image/ufc-fighter-container/68512/profile-galery/fullbodyleft-picture/Norifumi-Yamamoto_104843_LeftFullBodyImage.png?VersionId=CFJZOj5X7AHG22zXBMBHIowbx9j_IlJm&itok=RIgZB0ak
Qihui Yan,https://dmxg5wxfqgb4u.cloudfront.net/styles/athlete_bio_full_body/s3/2023-02/6939f4a9-012f-48aa-aa0d-7918a8ab708c%252FQIHUI_YAN_L.png?itok=yPYZ8CGp
Petr Yan,https://dmxg5wxfqgb4u.cloudfront.net/styles/athlete_bio_full_body/s3/2025-01/5/YAN_PETR_L_11-23.png?itok=isjcRLJt
Yan Xiaonan,https://dmxg5wxfqgb4u.cloudfront.net/styles/athlete_bio_full_body/s3/2025-01/5/XIAONAN_YAN_L_11-23.png?itok=HSH5jT4t
Wu Yanan,https://dmxg5wxfqgb4u.cloudfront.net/styles/athlete_bio_full_body/s3/2022-08/WU_YANAN_L_08-20.png?itok=-EcQerKd
Adam Yandiev,https://dmxg5wxfqgb4u.cloudfront.net/styles/athlete_bio_full_body/s3/2018-10/YANDIEV_ADAM_L_0.png?VersionId=_w8WKW.3cg0vTURSkc6QgEO3Dggcc_mP&itok=jlIhCorc
Adrian Yanez,https://dmxg5wxfqgb4u.cloudfront.net/styles/athlete_bio_full_body/s3/2024-12/YANEZ_ADRIAN_L_12-14.png?itok=JS69jJnN
Jianping Yang,https://dmxg5wxfqgb4u.cloudfront.net/styles/athlete_bio_full_body/s3/image/fighter_images/Yang_Jian_Ping/YANG-JIAN-PING-2013-10-17-090.png?VersionId=93wW0Ujts9f9sGCzJN8jV_EIG.zU3Xs1&itok=ZW4JboAG
Dongi Yang,https://dmxg5wxfqgb4u.cloudfront.net/styles/athlete_bio_full_body/s3/image/ufc-fighter-container/67848/profile-galery/fullbodyleft-picture/Dongi-Yang_32111_LeftFullBodyImage.png?VersionId=60DAeoPiAAKyQ9NrAPeAxnoRsidhLLTp&itok=VifSzasm
Masutatsu Yano,None
Hu Yaozong,https://dmxg5wxfqgb4u.cloudfront.net/styles/athlete_bio_full_body/s3/2021-07/69675%252Fprofile-galery%252Ffullbodyleft-picture%252FHU_YAOZONG_L_07-10.png?itok=-MfT8MuM
Emmanuel Yarbrough,None
Cale Yarbrough,None
Ashley Yoder,https://dmxg5wxfqgb4u.cloudfront.net/styles/athlete_bio_full_body/s3/2021-08/YODER_ASHLEY_L_07-31.png?itok=UgJVuQu1
Sang Hoon Yoo,https://dmxg5wxfqgb4u.cloudfront.net/styles/athlete_bio_full_body/s3/2022-03/29efa258-ab56-40a1-a839-3cd7a85ee0df%252FYOO_SANGHOON_L.png?itok=8eUhx1YG
SuYoung You,https://dmxg5wxfqgb4u.cloudfront.net/styles/athlete_bio_full_body/s3/2024-09/YOU_SUYOUNG_L_05-18.png?itok=dDyD4lvm
Shane Young,https://dmxg5wxfqgb4u.cloudfront.net/styles/athlete_bio_full_body/s3/2023-02/YOUNG_SHANE_L_02-11.png?itok=W_m777Qj
Jason Young,None
Shanna Young,https://dmxg5wxfqgb4u.cloudfront.net/styles/athlete_bio_full_body/s3/2022-08/YOUNG_SHANNA_L_08-20.png?itok=Gyh7-KnT
Besam Yousef,None
Rob Yundt,None
Sodiq Yusuff,https://dmxg5wxfqgb4u.cloudfront.net/styles/athlete_bio_full_body/s3/2024-04/YUSUFF_SODIQ_L_04-13.png?itok=C2XAKUt-
Gilbert Yvel,None
Luke Zachrich,https://dmxg5wxfqgb4u.cloudfront.net/styles/athlete_bio_full_body/s3/2022-03/3fc6338a-d438-4b0e-9183-feae46f73af4%252FLuke-Zachrich_480475_LeftFullBodyImage.png?itok=tiPqz43U
Anton Zafir,https://dmxg5wxfqgb4u.cloudfront.net/styles/athlete_bio_full_body/s3/2022-03/511e4718-dfb9-4daf-a34e-04663246470d%252FAnton-Zafir_568644_LeftFullBodyImage.png?itok=7YvQvFYC
Aiemann Zahabi,https://dmxg5wxfqgb4u.cloudfront.net/styles/athlete_bio_full_body/s3/2025-01/5/ZAHABI_AIEMANN_L_11-02.png?itok=ghRfWQDW
Joao Zaiden,None
Youssef Zalal,https://dmxg5wxfqgb4u.cloudfront.net/styles/athlete_bio_full_body/s3/2024-08/ZALAL_YOUSSEF_L_08-10.png?itok=uxWBvrql
Zach Zane,https://dmxg5wxfqgb4u.cloudfront.net/styles/athlete_bio_full_body/s3/2022-03/d6a4d662-c44a-40f4-a2e1-6cab6a7e7524%252FZANE_ZACH_L.png?itok=8S-Ne6kM
Roger Zapata,https://dmxg5wxfqgb4u.cloudfront.net/styles/athlete_bio_full_body/s3/2022-03/d9e980fe-60bb-4090-8a43-74ab7dd28f5c%252Froger-zapata_480365_LeftFullBodyImage.png?itok=73B_EyQw
David Zawada,https://dmxg5wxfqgb4u.cloudfront.net/styles/athlete_bio_full_body/s3/2022-02/d82c6932-1dd1-4418-afdb-5d6c1d58702c%252FZAWADA_DAVID_L_09-04.png?itok=4le-SAmO
Manolo Zecchini,https://dmxg5wxfqgb4u.cloudfront.net/styles/athlete_bio_full_body/s3/2023-08/ZECCHINI_MANOLO_R_09-02.png?itok=Hvmw9Q--
Daniel Zellhuber,https://dmxg5wxfqgb4u.cloudfront.net/styles/athlete_bio_full_body/s3/2024-09/ZELLHUBER_DANIEL_L_09-14.png?itok=4cgIk-pg
Rickson Zenidim,None
Yizha,https://dmxg5wxfqgb4u.cloudfront.net/styles/athlete_bio_full_body/s3/2024-09/YIZHA_L_09-07.png?itok=Jial7hx3
Tiequan Zhang,None
Daermisi Zhawupasi,https://dmxg5wxfqgb4u.cloudfront.net/styles/athlete_bio_full_body/s3/2023-06/ZHAWUPASI_DAERMISI_R.png?itok=uL6Fqces
Daria Zhelezniakova,https://dmxg5wxfqgb4u.cloudfront.net/styles/athlete_bio_full_body/s3/2024-09/ZHELEZNIAKOVA_DARIA_L_03-23.png?itok=aJzhbXiS
Lu Zhengyong,None
Lv Zhenhong,https://dmxg5wxfqgb4u.cloudfront.net/styles/athlete_bio_full_body/s3/2020-03/ZHENHONG_LV_L.png?VersionId=se2Kel_pWSLLJktYXbeGYmR08G6Hlybw&itok=8NedhIyh
Shang Zhifa,https://dmxg5wxfqgb4u.cloudfront.net/styles/athlete_bio_full_body/s3/2021-11/71821%252Fprofile-galery%252Ffullbodyleft-picture%252FZHIFA_SHANG_L.png?itok=J1QsahEC
Yao Zhikui,https://dmxg5wxfqgb4u.cloudfront.net/styles/athlete_bio_full_body/s3/2022-03/c871ff55-df41-49dd-a9ea-c6a6b85d3a2e%252FYao-Zhikui_471299_LeftFullBodyImage.png?itok=e4tBD6Qu
Zhalgas Zhumagulov,https://dmxg5wxfqgb4u.cloudfront.net/styles/athlete_bio_full_body/s3/2023-06/ZHUMAGULOV_ZHALGAS_L_06-24.png?itok=Cfj0kHPX
Farès Ziam ,https://dmxg5wxfqgb4u.cloudfront.net/styles/athlete_bio_full_body/s3/2025-01/ZIAM_FARES_L_02-01.png?itok=FWLXCPIb
James Zikic,None
Cat Zingano,https://dmxg5wxfqgb4u.cloudfront.net/styles/athlete_bio_full_body/s3/2018-10/ZINGANO_CAT_L_0.png?VersionId=T.Ib3fkGS0c71pEdU3HrxSdhYApYQvRa&itok=P20Ed9vD
Igor Zinoviev,None
Allan Zuniga,https://dmxg5wxfqgb4u.cloudfront.net/styles/athlete_bio_full_body/s3/2018-10/ZUNIGA_ALLAN_R_0.png?VersionId=U4Abn_.xFMCfJPxEJL5JNabUnB_jJwgB&itok=YnpoHweo
