Name,Nickname,Weight_Class,Knockouts,Submissions,First_Round_Finishes,Striking_Accuracy,Takedown_Accuracy,Sig_Str_Attempted Total,Takedowns_Landed_Total,Takedowns_Attempted_Total,Sig_Strikes_Per Min,Takedown_Avg_Per Min,Sig_Str_Def,Knockdown_Avg,Sig_Strikes_Absorbed_Per_Min,Sub_Avg_Per_Min,Takedown_Def,Avg_Fight_Time,Place_of_Birth,Octagon_Debut,Wins,Losses,Draws,Sig_Str_Landed Total_Total,Sig_Str_Landed Total_Percent,Sig_Strikes_While_Clinched_Total,Sig_Strikes_While_Clinched_Percent,Sig_Strikes_While_Standing_Total,Sig_Strikes_While_Standing_Percent,Sig_Strikes_While_Grounded_Total,Sig_Strikes_While_Grounded_Percent,Sig_Strikes_Head_Total,Sig_Strikes_Head_Percent,Sig_Strikes_Body_Total,Sig_Strikes_Body_Percent,Sig_Strikes_Leg_Total,Sig_Strikes_Leg_Percent,Win_by_KO/TKO_Total,Win_by_KO/TKO_Percent,Win_by_Decision_Total,Win_by_Decision_Percent,Win_by_Submission_Total,Win_by_Submission_Percent
Danny Abbadi,"""The Assassin""",Lightweight Division,0,0,0,0.38,0.0,155,0.0,0,3.29,0.0,0.58,0.0,4.41,0.0,0.78,538,"Orlando, United States","Jun. 24, 2006",2.0,2.0,0.0,59,0,14.0,0.24,42.0,0.71,3.0,0.05,51.0,0.86,8.0,0.14,0.0,0.0,0.0,0.0,0.0,0.0,0.0,0.0
Nariman Abbassov,,Lightweight Division,0,0,0,0.2,0.0,225,0.0,2,3.0,0.0,0.46,0.0,5.67,0.0,0.67,900,Kazakhstan,"Feb. 11, 2025",0.0,1.0,0.0,45,0,0.0,0.0,45.0,1.0,0.0,0.0,26.0,0.58,8.0,0.18,11.0,0.24,0.0,0.0,0.0,0.0,0.0,0.0
Tank Abbott,"""Tank""",Heavyweight Division,0,0,0,0.39,0.0,31,0.0,0,2.41,0.0,0.38,0.0,10.03,0.0,0.67,100,"Huntington Beach, United States","Jul. 14, 1995",8.0,10.0,0.0,12,0,7.0,0.58,4.0,0.33,1.0,0.08,12.0,1.0,0.0,0.0,0.0,0.0,0.0,0.0,0.0,0.0,0.0,0.0
Hamdy Abdelwahab,"""The Hammer""",Heavyweight Division,5,0,4,0.52,0.8,197,3.0,5,3.4,2.0,0.51,0.5,3.87,0.0,1.0,900,Egypt,"Jul. 30, 2022",6.0,0.0,0.0,102,0,2.0,0.02,70.0,0.69,30.0,0.29,76.0,0.75,8.0,0.08,18.0,0.18,5.0,1.0,0.0,0.0,0.0,0.0
Mansur Abdul-Malik,,Middleweight Division,6,1,6,0.55,0.0,141,0.0,0,6.61,0.0,0.54,1.29,4.21,0.0,0.75,350,"Pittsburgh, United States","Nov. 9, 2024",7.0,0.0,0.0,77,0,2.0,0.03,28.0,0.36,47.0,0.61,74.0,0.96,2.0,0.03,1.0,0.01,6.0,0.86,0.0,0.0,1.0,0.14
Shamil Abdurakhimov,"""Abrek""",Heavyweight Division,9,4,10,0.44,0.23,567,5.0,30,2.41,1.01,0.55,0.29,3.02,0.14,0.45,567,"Dagestan Republic, Russia","Apr. 4, 2015",20.0,8.0,0.0,251,0,60.0,0.24,169.0,0.67,22.0,0.09,149.0,0.59,47.0,0.19,55.0,0.22,9.0,0.45,7.0,0.35,4.0,0.2
Daichi Abe,,Welterweight Division,0,0,0,0.34,0.5,508,1.0,2,3.8,0.33,0.57,0.33,4.49,0.0,0.0,900,Japan,"Sep. 22, 2017",6.0,1.0,0.0,171,0,11.0,0.06,146.0,0.85,14.0,0.08,102.0,0.6,12.0,0.07,57.0,0.33,4.0,0.67,2.0,0.33,0.0,0.0
Papy Abedi,"""Makambo""",Middleweight Division,0,0,0,0.55,0.57,176,0.0,14,2.8,3.47,0.49,0.0,3.15,1.3,0.5,519,,"Nov. 5, 2011",9.0,3.0,0.0,97,0,34.0,0.35,36.0,0.37,27.0,0.28,42.0,0.43,46.0,0.47,9.0,0.09,5.0,0.56,2.0,0.22,2.0,0.22
Klidson Abreu,"""White Bear""",Light Heavyweight Division,4,10,0,0.41,0.2,236,0.0,10,2.05,0.64,0.56,0.0,2.9,0.0,0.8,703,"Manaus, Brazil","Feb. 23, 2019",15.0,4.0,0.0,96,0,10.0,0.1,86.0,0.9,0.0,0.0,38.0,0.4,20.0,0.21,38.0,0.4,4.0,0.27,1.0,0.07,10.0,0.67
Ricardo Abreu,"""Demente""",Middleweight Division,0,0,0,0.32,0.43,252,0.0,7,3.79,2.13,0.68,1.42,3.98,0.71,1.0,633,"Dourados, Brazil","May. 31, 2014",5.0,1.0,0.0,80,0,13.0,0.16,58.0,0.73,9.0,0.11,65.0,0.81,10.0,0.13,5.0,0.06,3.0,0.6,0.0,0.0,2.0,0.4
John Adajar,,Welterweight Division,0,0,0,0.53,0.0,34,0.0,0,3.9,0.0,0.44,0.0,6.28,0.0,0.0,277,,"Jun. 10, 2022",0.0,1.0,0.0,18,0,1.0,0.06,17.0,0.94,0.0,0.0,11.0,0.61,5.0,0.28,2.0,0.11,0.0,0.0,0.0,0.0,0.0,0.0
Juan Adams,"""The Kraken""",Heavyweight Division,5,0,0,0.56,0.67,420,2.0,3,7.09,0.91,0.35,0.0,4.06,0.0,0.57,396,"Houston, United States","Dec. 15, 2018",5.0,3.0,0.0,234,0,52.0,0.22,112.0,0.48,70.0,0.3,192.0,0.82,32.0,0.14,10.0,0.04,5.0,1.0,0.0,0.0,0.0,0.0
Anthony Adams,,Middleweight Division,0,0,0,0.42,0.0,227,0.0,7,3.17,0.0,0.44,0.0,5.93,0.0,0.0,900,"Philadelphia, United States","Feb. 11, 2025",8.0,2.0,0.0,95,0,11.0,0.12,84.0,0.88,0.0,0.0,37.0,0.39,29.0,0.31,29.0,0.31,0.0,0.0,0.0,0.0,0.0,0.0
Scott Adams,,Heavyweight Division,0,0,0,0.0,0.0,0,0.0,0,0.0,0.0,0.0,0.0,0.0,0.0,0.0,0,"San Luis Obispo, United States","Mar. 10, 2000",6.0,0.0,0.0,0,0,0.0,0.0,0.0,0.0,0.0,0.0,0.0,0.0,0.0,0.0,0.0,0.0,0.0,0.0,0.0,0.0,0.0,0.0
Zarrukh Adashev,"""The Lion""",Flyweight Division,2,0,0,0.4,0.0,285,0.0,5,3.65,0.0,0.65,0.0,3.04,0.48,1.0,473,"Samarkand, Uzbekistan","Jun. 13, 2020",4.0,4.0,0.0,115,0,6.0,0.05,107.0,0.93,2.0,0.02,76.0,0.66,16.0,0.14,23.0,0.2,2.0,0.5,2.0,0.5,0.0,0.0
Israel Adesanya,"""The Last Stylebender""",Middleweight Division,16,0,6,0.48,0.11,2639,0.0,9,4.02,0.05,0.56,0.62,3.2,0.14,0.77,1055,"Lagos, Nigeria","Feb. 11, 2018",24.0,5.0,0.0,1271,0,64.0,0.05,1170.0,0.92,37.0,0.03,623.0,0.49,266.0,0.21,382.0,0.3,16.0,0.67,8.0,0.33,0.0,0.0
Sam Adkins,,Light Heavyweight Division,0,0,0,0.0,0.0,0,0.0,0,0.0,0.0,0.0,0.0,0.0,0.0,0.0,0,United States,"Feb. 16, 1996",0.0,0.0,0.0,0,0,0.0,0.0,0.0,0.0,0.0,0.0,0.0,0.0,0.0,0.0,0.0,0.0,0.0,0.0,0.0,0.0,0.0,0.0
Nick Agallar,,Lightweight Division,0,0,0,0.12,0.0,43,0.0,2,0.69,0.0,0.42,0.0,4.56,0.0,0.0,434,"Racine, United States","Nov. 21, 2003",12.0,3.0,0.0,5,0,1.0,0.2,4.0,0.8,0.0,0.0,2.0,0.4,0.0,0.0,3.0,0.6,0.0,0.0,0.0,0.0,0.0,0.0
Mariya Agapova,"""Money Mashka""",Women's Flyweight Division,3,5,6,0.55,0.67,441,2.0,3,4.43,0.55,0.52,0.55,3.62,0.83,0.45,467,Kazakhstan,"Jun. 13, 2020",10.0,5.0,0.0,241,0,38.0,0.16,163.0,0.68,40.0,0.17,153.0,0.63,67.0,0.28,21.0,0.09,3.0,0.3,2.0,0.2,5.0,0.5
Fabio Agu,,Middleweight Division,0,0,0,0.0,0.0,0,0.0,0,0.0,0.0,0.0,0.0,0.0,0.0,0.0,0,,"Feb. 11, 2025",0.0,0.0,0.0,0,0,0.0,0.0,0.0,0.0,0.0,0.0,0.0,0.0,0.0,0.0,0.0,0.0,0.0,0.0,0.0,0.0,0.0,0.0
Marcello Aguiar,,Welterweight Division,0,0,0,0.0,0.0,0,0.0,0,0.0,0.0,0.0,0.0,0.0,0.0,0.0,0,Brazil,"Jun. 9, 2000",0.0,0.0,0.0,0,0,0.0,0.0,0.0,0.0,0.0,0.0,0.0,0.0,0.0,0.0,0.0,0.0,0.0,0.0,0.0,0.0,0.0,0.0
Kevin Aguilar,"""Angel of Death""",Featherweight Division,9,2,0,0.4,0.17,924,0.0,6,3.96,0.16,0.52,0.32,4.81,0.0,0.79,800,"Gladewater, United States","Nov. 30, 2018",17.0,5.0,0.0,370,0,29.0,0.08,321.0,0.87,20.0,0.05,224.0,0.61,126.0,0.34,20.0,0.05,9.0,0.53,6.0,0.35,2.0,0.12
Jessica Aguilar,"""Jag""",Women's Strawweight Division,3,7,0,0.51,0.25,620,4.0,16,4.93,0.94,0.54,0.0,7.19,0.24,0.5,764,"Houston, United States","Aug. 1, 2015",20.0,8.0,0.0,314,0,96.0,0.31,194.0,0.62,24.0,0.08,168.0,0.54,88.0,0.28,58.0,0.18,3.0,0.15,10.0,0.5,7.0,0.35
Jesus Aguilar,,Flyweight Division,1,7,4,0.51,0.33,98,0.0,12,1.46,1.75,0.58,0.44,1.26,1.75,0.36,410,"Ensenada, Mexico","Feb. 4, 2023",11.0,2.0,0.0,50,0,6.0,0.12,26.0,0.52,18.0,0.36,33.0,0.66,7.0,0.14,10.0,0.2,1.0,0.09,3.0,0.27,7.0,0.64
Christian Aguilera,"""The Beast""",Welterweight Division,11,0,0,0.38,0.0,72,0.0,1,2.54,0.0,0.49,0.0,4.04,0.0,0.6,213,"Whittier, United States","Jun. 13, 2020",14.0,8.0,0.0,27,0,0.0,0.0,27.0,1.0,0.0,0.0,16.0,0.59,3.0,0.11,8.0,0.3,11.0,0.73,4.0,0.27,0.0,0.0
Nick Aguirre,"""Slick""",Bantamweight Division,3,4,6,0.34,0.2,56,0.0,10,0.73,1.16,0.46,0.0,2.89,0.58,0.33,779,"Cicero, United States","Jan. 14, 2023",7.0,2.0,0.0,19,0,1.0,0.05,18.0,0.95,0.0,0.0,18.0,0.95,1.0,0.05,0.0,0.0,3.0,0.43,0.0,0.0,4.0,0.57
Ashiek Ajim,,Bantamweight Division,0,0,0,0.4,0.0,10,0.0,0,5.0,0.0,0.25,0.0,11.25,0.0,0.0,48,,"Feb. 11, 2025",0.0,1.0,0.0,4,0,0.0,0.0,4.0,1.0,0.0,0.0,2.0,0.5,0.0,0.0,2.0,0.5,0.0,0.0,0.0,0.0,0.0,0.0
Omari Akhmedov,"""Wolverine""",Middleweight Division,7,6,0,0.34,0.46,1556,19.0,68,2.97,2.58,0.56,0.17,2.84,0.25,0.66,721,"Dagestan Republic, Russia","Nov. 9, 2013",21.0,6.0,1.0,535,0,65.0,0.12,389.0,0.73,81.0,0.15,383.0,0.72,89.0,0.17,63.0,0.12,7.0,0.33,8.0,0.38,6.0,0.29
Yoshihiro Akiyama,"""Sexyama""",Welterweight Division,0,0,0,0.42,0.68,1122,12.0,34,3.1,2.29,0.58,0.4,3.62,1.0,0.93,410,Japan,"Jul. 11, 2009",15.0,6.0,0.0,466,0,28.0,0.06,316.0,0.68,122.0,0.26,374.0,0.8,27.0,0.06,65.0,0.14,0.0,0.0,0.0,0.0,0.0,0.0
Rostem Akman,,Welterweight Division,5,1,0,0.26,0.4,210,2.0,5,1.8,1.0,0.58,0.0,3.97,0.0,0.88,900,"Stockholm, Sweden","Jun. 1, 2019",0.0,2.0,0.0,54,0,12.0,0.22,42.0,0.78,0.0,0.0,38.0,0.7,12.0,0.22,4.0,0.07,5.0,0.83,0.0,0.0,1.0,0.17
Mostapha Al Turk,,Heavyweight Division,0,0,0,0.19,0.0,161,0.0,9,1.36,0.0,0.53,0.0,3.61,0.0,0.0,454,"Beirut, Lebanon","Dec. 27, 2008",6.0,6.0,0.0,31,0,3.0,0.1,28.0,0.9,0.0,0.0,13.0,0.42,3.0,0.1,15.0,0.48,0.0,0.0,0.0,0.0,0.0,0.0
Razak Al-Hassan,"""Razor""",Light Heavyweight Division,0,0,0,0.33,0.2,135,0.0,5,2.31,0.79,0.6,0.0,3.78,0.0,0.57,572,"Milwaukee, United States","Dec. 10, 2008",7.0,2.0,0.0,44,0,6.0,0.14,38.0,0.86,0.0,0.0,18.0,0.41,9.0,0.2,17.0,0.39,0.0,0.0,0.0,0.0,0.0,0.0
Ali Al-Qaisi,"""The Royal Fighter""",Bantamweight Division,1,4,0,0.42,0.29,172,0.0,24,2.43,3.5,0.56,0.0,1.97,1.0,0.6,900,"Amman, Jordan","Aug. 8, 2020",8.0,5.0,0.0,73,0,9.0,0.12,63.0,0.86,1.0,0.01,40.0,0.55,10.0,0.14,23.0,0.32,1.0,0.13,3.0,0.38,4.0,0.5
Abdul-Kareem Al-Selwady,"""Pride of Palestine""",Lightweight Division,8,2,6,0.35,0.31,309,3.0,13,4.14,2.32,0.59,0.0,3.6,0.0,0.2,775,"Baton Rouge, United States","Mar. 2, 2024",15.0,4.0,0.0,107,0,5.0,0.05,102.0,0.95,0.0,0.0,60.0,0.56,17.0,0.16,30.0,0.28,8.0,0.53,5.0,0.33,2.0,0.13
Herdem Alacabek,,Light Heavyweight Division,0,0,0,0.66,0.5,85,0.0,4,3.84,2.06,0.23,0.0,6.66,0.0,0.43,874,,"Feb. 11, 2025",0.0,0.0,0.0,56,0,26.0,0.46,24.0,0.43,6.0,0.11,25.0,0.45,23.0,0.41,8.0,0.14,0.0,0.0,0.0,0.0,0.0,0.0
Alatengheili,"""The Mongolian Knight""",Bantamweight Division,5,3,4,0.33,0.45,849,3.0,31,2.64,1.99,0.58,0.14,4.67,0.0,0.75,793,"Alxa, China","Aug. 31, 2019",17.0,9.0,2.0,279,0,1.0,0.0,265.0,0.95,13.0,0.05,189.0,0.68,52.0,0.19,38.0,0.14,5.0,0.29,9.0,0.53,3.0,0.18
Amir Albazi,"""The Prince""",Flyweight Division,5,9,9,0.35,0.32,676,3.0,25,2.72,1.39,0.62,0.35,3.71,0.52,0.5,865,"Baghdad, Iraq","Jul. 18, 2020",17.0,2.0,0.0,235,0,3.0,0.01,202.0,0.86,30.0,0.13,162.0,0.69,40.0,0.17,33.0,0.14,5.0,0.29,3.0,0.18,9.0,0.53
John Albert,"""Prince""",Bantamweight Division,0,0,0,0.5,0.0,135,0.0,3,3.05,0.0,0.35,0.68,2.82,6.14,0.5,264,"Reno, United States","Dec. 4, 2011",7.0,5.0,0.0,67,0,15.0,0.22,34.0,0.51,18.0,0.27,44.0,0.66,16.0,0.24,7.0,0.1,0.0,0.0,0.0,0.0,0.0,0.0
Junior Albini,"""Baby""",Heavyweight Division,6,6,0,0.51,0.38,227,1.0,8,3.98,1.54,0.52,0.51,6.08,0.0,1.0,350,"Paranaguá, Brazil","Jul. 22, 2017",14.0,6.0,0.0,116,0,22.0,0.19,90.0,0.78,4.0,0.03,70.0,0.6,27.0,0.23,19.0,0.16,6.0,0.43,2.0,0.14,6.0,0.43
Wes Albritton,,Lightweight Division,0,0,0,0.0,0.0,0,0.0,0,0.0,0.0,0.0,0.0,0.0,0.0,0.0,0,United States,"May. 30, 1997",0.0,0.0,0.0,0,0,0.0,0.0,0.0,0.0,0.0,0.0,0.0,0.0,0.0,0.0,0.0,0.0,0.0,0.0,0.0,0.0,0.0,0.0
Alexandra Albu,"""Stitch""",Women's Strawweight Division,4,2,0,0.47,0.5,405,5.0,12,4.83,2.27,0.39,0.0,5.56,0.38,0.78,594,"Vulcanesti, Moldova","Apr. 11, 2015",7.0,2.0,0.0,191,0,62.0,0.32,112.0,0.59,17.0,0.09,138.0,0.72,45.0,0.24,8.0,0.04,4.0,0.57,1.0,0.14,2.0,0.29
Ildemar Alcantara,"""Marajo""",Middleweight Division,0,0,0,0.39,0.68,486,0.0,19,1.93,2.0,0.5,0.0,2.63,0.92,0.82,837,"Soure, Portugal","Jan. 20, 2013",21.0,8.0,0.0,188,0,34.0,0.18,129.0,0.69,25.0,0.13,106.0,0.56,62.0,0.33,20.0,0.11,10.0,0.48,5.0,0.24,6.0,0.29
Iuri Alcantara,"""Marajo""",Bantamweight Division,0,0,0,0.46,0.63,1057,17.0,27,2.72,1.44,0.49,0.42,2.79,0.84,0.6,561,"Soure, Brazil","Aug. 27, 2011",35.0,10.0,0.0,483,0,45.0,0.09,303.0,0.63,135.0,0.28,316.0,0.65,130.0,0.27,37.0,0.08,0.0,0.0,0.0,0.0,0.0,0.0
Alfonso Alcarez,,Lightweight Division,0,0,0,0.0,0.0,0,0.0,0,0.0,0.0,0.0,0.0,0.0,0.0,0.0,0,United States,"Sep. 24, 1999",0.0,0.0,0.0,0,0,0.0,0.0,0.0,0.0,0.0,0.0,0.0,0.0,0.0,0.0,0.0,0.0,0.0,0.0,0.0,0.0,0.0,0.0
Hector Aldana,"""El Charro""",Welterweight Division,2,1,0,0.38,1.0,302,2.0,2,3.59,0.93,0.6,0.0,5.08,0.0,0.0,646,"San Luis Río Colorado, Mexico","Jun. 23, 2018",4.0,2.0,0.0,116,0,6.0,0.05,109.0,0.94,1.0,0.01,64.0,0.55,13.0,0.11,39.0,0.34,2.0,0.5,1.0,0.25,1.0,0.25
Irene Aldana,,Women's Bantamweight Division,8,3,9,0.4,0.5,2667,2.0,4,5.19,0.15,0.56,0.22,6.64,0.22,0.78,879,"Culiacán, Mexico","Dec. 18, 2016",15.0,8.0,0.0,1065,0,55.0,0.05,948.0,0.89,62.0,0.06,743.0,0.7,145.0,0.14,177.0,0.17,8.0,0.53,4.0,0.27,3.0,0.2
Gilbert Aldana,"""El Peligroso""",Heavyweight Division,0,0,0,0.55,0.4,62,0.0,5,2.91,2.57,0.26,0.0,6.26,0.0,0.33,350,"Chandler, United States","Feb. 4, 2006",5.0,0.0,0.0,34,0,19.0,0.56,6.0,0.18,9.0,0.26,24.0,0.71,6.0,0.18,4.0,0.12,0.0,0.0,0.0,0.0,0.0,0.0
Jose Alday,,Bantamweight Division,0,0,0,0.44,0.0,106,0.0,1,3.13,0.0,0.59,0.0,3.13,0.0,0.57,900,"Nacozari de García, Mexico","Feb. 11, 2025",0.0,1.0,0.0,47,0,3.0,0.06,44.0,0.94,0.0,0.0,21.0,0.45,19.0,0.4,7.0,0.15,0.0,0.0,0.0,0.0,0.0,0.0
José Aldo,,Bantamweight Division,17,1,12,0.47,0.54,3325,12.0,26,3.62,0.49,0.61,0.39,3.72,0.14,0.93,855,"Manaus, Brazil","Apr. 30, 2011",32.0,9.0,0.0,1549,0,60.0,0.04,1342.0,0.87,147.0,0.09,1016.0,0.66,309.0,0.2,224.0,0.14,17.0,0.53,14.0,0.44,1.0,0.03
JJ Aldrich,,Women's Flyweight Division,3,0,3,0.47,0.24,1713,1.0,38,3.88,0.66,0.61,0.0,4.38,0.0,0.67,822,"Denver, United States","Dec. 10, 2016",13.0,7.0,0.0,798,0,97.0,0.12,623.0,0.78,78.0,0.1,657.0,0.82,103.0,0.13,38.0,0.05,3.0,0.25,9.0,0.75,0.0,0.0
Irina Alekseeva,"""Russian Ronda""",Women's Bantamweight Division,1,2,3,0.43,0.2,152,0.0,5,3.84,0.87,0.49,0.87,3.55,0.87,1.0,516,Kazakhstan,"Apr. 29, 2023",5.0,2.0,0.0,66,0,3.0,0.05,61.0,0.92,2.0,0.03,30.0,0.45,9.0,0.14,27.0,0.41,1.0,0.2,2.0,0.4,2.0,0.4
